Title,Price
Unicorn Tracks,Â£18.78
"Saga, Volume 6 (Saga (Collected Editions) #6)",Â£25.02
Princess Between Worlds (Wide-Awake Princess #5),Â£13.34
Masks and Shadows,Â£56.40
Crown of Midnight (Throne of Glass #2),Â£43.29
"Avatar: The Last Airbender: Smoke and Shadow, Part 3 (Smoke and Shadow #3)",Â£28.09
A Court of Thorns and Roses (A Court of Thorns and Roses #1),Â£52.37
Throne of Glass (Throne of Glass #1),Â£35.07
The Glittering Court (The Glittering Court #1),Â£44.28
Hollow City (Miss Peregrineâs Peculiar Children #2),Â£42.98
The Star-Touched Queen,Â£46.02
The Hidden Oracle (The Trials of Apollo #1),Â£52.26
The Bane Chronicles (The Bane Chronicles #1-11),Â£44.73
Island of Dragons (Unwanteds #7),Â£29.65
Demigods & Magicians: Percy and Annabeth Meet the Kanes (Percy Jackson & Kane Chronicles Crossover #1-3),Â£37.51
City of Glass (The Mortal Instruments #3),Â£56.02
Searching for Meaning in Gailana,Â£38.73
The Star-Touched Queen,Â£32.30
A Shard of Ice (The Black Symphony Saga #1),Â£56.63
King's Folly (The Kinsman Chronicles #1),Â£39.61
Every Heart a Doorway (Every Heart A Doorway #1),Â£12.16
A Gathering of Shadows (Shades of Magic #2),Â£44.81
The Raven Boys (The Raven Cycle #1),Â£57.74
The False Prince (The Ascendance Trilogy #1),Â£56.00
Tell the Wind and Fire,Â£45.51
A Feast for Crows (A Song of Ice and Fire #4),Â£17.21
The Demonists (Demonist #1),Â£52.11
The Beast (Black Dagger Brotherhood #14),Â£46.08
Paper and Fire (The Great Library #2),Â£49.45
Harry Potter and the Order of the Phoenix (Harry Potter #5),Â£31.63
Harry Potter and the Half-Blood Prince (Harry Potter #6),Â£48.75
Harry Potter and the Chamber of Secrets (Harry Potter #2),Â£14.74
The Rose & the Dagger (The Wrath and the Dawn #2),Â£58.64
Soldier (Talon #3),Â£24.72
Midnight Riot (Peter Grant/ Rivers of London - books #1),Â£55.46
Heir to the Sky,Â£44.07
Eragon (The Inheritance Cycle #1),Â£43.87
Darkfever (Fever #1),Â£56.02
Ash,Â£22.06
A Storm of Swords (A Song of Ice and Fire #3),Â£31.22
Vampire Girl (Vampire Girl #1),Â£53.82
The Silent Twin (Detective Jennifer Knight #3),Â£36.25
The Mirror & the Maze (The Wrath and the Dawn #1.5),Â£29.38
Sister Sable (The Mad Queen #1),Â£13.33
Shadow Rites (Jane Yellowrock #10),Â£21.72
Origins (Alphas 0.5),Â£28.99
One Second (Seven #7),Â£52.94
Myriad (Prentor #1),Â£58.75
